"U:0","U:1","U:2","arc_length","Points:0","Points:1","Points:2"
0,0,0,0,0.050000001,0,0.0049999999
-0.0032599,5.9263544e-05,0,0.0001,0.050000001,0.0001,0.0049999999
-0.0065198001,0.00011852709,0,0.00020000001,0.050000001,0.00020000001,0.0049999999
-0.0097797001,0.00017779063,0,0.00030000001,0.050000001,0.00030000001,0.0049999999
-0.0130396,0.00023705418,0,0.00040000002,0.050000001,0.00040000002,0.0049999999
-0.016299501,0.00029631771,0,0.00050000002,0.050000001,0.00050000002,0.0049999999
-0.0195594,0.00035558126,0,0.00060000003,0.050000001,0.00060000003,0.0049999999
-0.022819301,0.00041484481,0,0.00070000003,0.050000001,0.00070000003,0.0049999999
-0.0260792,0.00047410835,0,0.00080000004,0.050000001,0.00080000004,0.0049999999
-0.029339099,0.00053337187,0,0.00089999998,0.050000001,0.00089999998,0.0049999999
-0.032599002,0.00059263542,0,0.001,0.050000001,0.001,0.0049999999
-0.035858899,0.00065189891,0,0.0011,0.050000001,0.0011,0.0049999999
-0.0391188,0.00071116252,0,0.0012000001,0.050000001,0.0012000001,0.0049999999
-0.042378701,0.00077042601,0,0.0013,0.050000001,0.0013,0.0049999999
-0.045638602,0.00082968961,0,0.0014000001,0.050000001,0.0014000001,0.0049999999
-0.048898499,0.0008889531,0,0.0015,0.050000001,0.0015,0.0049999999
-0.0521584,0.00094821671,0,0.0016000001,0.050000001,0.0016000001,0.0049999999
-0.055418301,0.0010074802,0,0.0017,0.050000001,0.0017,0.0049999999
-0.058678199,0.0010667437,0,0.0018,0.050000001,0.0018,0.0049999999
-0.0619381,0.0011260073,0,0.0019,0.050000001,0.0019,0.0049999999
-0.065198004,0.0011852708,0,0.0020000001,0.050000001,0.0020000001,0.0049999999
-0.068457894,0.0012445343,0,0.0020999999,0.050000001,0.0020999999,0.0049999999
-0.071717799,0.0013037978,0,0.0022,0.050000001,0.0022,0.0049999999
-0.074977703,0.0013630615,0,0.0023000001,0.050000001,0.0023000001,0.0049999999
-0.078237601,0.001422325,0,0.0024000001,0.050000001,0.0024000001,0.0049999999
-0.081497498,0.0014815885,0,0.0024999999,0.050000001,0.0024999999,0.0049999999
-0.084757403,0.001540852,0,0.0026,0.050000001,0.0026,0.0049999999
-0.0880173,0.0016001157,0,0.0027000001,0.050000001,0.0027000001,0.0049999999
-0.091277204,0.0016593792,0,0.0028000001,0.050000001,0.0028000001,0.0049999999
-0.094537102,0.0017186427,0,0.0029,0.050000001,0.0029,0.0049999999
-0.097796999,0.0017779062,0,0.003,0.050000001,0.003,0.0049999999
-0.1010569,0.0018371698,0,0.0031000001,0.050000001,0.0031000001,0.0049999999
-0.1043168,0.0018964334,0,0.0032000002,0.050000001,0.0032000002,0.0049999999
-0.1075767,0.0019556968,0,0.0033,0.050000001,0.0033,0.0049999999
-0.1108366,0.0020149604,0,0.0034,0.050000001,0.0034,0.0049999999
-0.1140965,0.0020742239,0,0.0035000001,0.050000001,0.0035000001,0.0049999999
-0.1173564,0.0021334875,0,0.0035999999,0.050000001,0.0035999999,0.0049999999
-0.1206163,0.002192751,0,0.0037,0.050000001,0.0037,0.0049999999
-0.1238762,0.0022520146,0,0.0038000001,0.050000001,0.0038000001,0.0049999999
-0.1271361,0.0023112781,0,0.0039000001,0.050000001,0.0039000001,0.0049999999
-0.13039601,0.0023705417,0,0.0040000002,0.050000001,0.0040000002,0.0049999999
-0.13365591,0.0024298052,0,0.0041,0.050000001,0.0041,0.0049999999
-0.13691579,0.0024890685,0,0.0041999999,0.050000001,0.0041999999,0.0049999999
-0.1401757,0.0025483323,0,0.0043000001,0.050000001,0.0043000001,0.0049999999
-0.1434356,0.0026075956,0,0.0044,0.050000001,0.0044,0.0049999999
-0.14669551,0.0026668594,0,0.0045000003,0.050000001,0.0045000003,0.0049999999
-0.14995541,0.002726123,0,0.0046000001,0.050000001,0.0046000001,0.0049999999
-0.1532153,0.0027853863,0,0.0046999999,0.050000001,0.0046999999,0.0049999999
-0.1564752,0.0028446501,0,0.0048000002,0.050000001,0.0048000002,0.0049999999
-0.1597351,0.0029039134,0,0.0049000001,0.050000001,0.0049000001,0.0049999999
-0.162995,0.0029631769,0,0.0049999999,0.050000001,0.0049999999,0.0049999999
-0.163164,0.002986507,0,0.0051000002,0.050000001,0.0051000002,0.0049999999
-0.16333303,0.0030098369,0,0.0052,0.050000001,0.0052,0.0049999999
-0.16350204,0.003033167,0,0.0053000003,0.050000001,0.0053000003,0.0049999999
-0.16367106,0.0030564971,0,0.0054000001,0.050000001,0.0054000001,0.0049999999
-0.16384007,0.0030798269,0,0.0055,0.050000001,0.0055,0.0049999999
-0.16400909,0.003103157,0,0.0056000003,0.050000001,0.0056000003,0.0049999999
-0.1641781,0.0031264869,0,0.0057000001,0.050000001,0.0057000001,0.0049999999
-0.16434711,0.003149817,0,0.0057999999,0.050000001,0.0057999999,0.0049999999
-0.16451614,0.0031731471,0,0.0059000002,0.050000001,0.0059000002,0.0049999999
-0.16468515,0.003196477,0,0.0060000001,0.050000001,0.0060000001,0.0049999999
-0.16485417,0.0032198071,0,0.0060999999,0.050000001,0.0060999999,0.0049999999
-0.16502318,0.0032431372,0,0.0062000002,0.050000001,0.0062000002,0.0049999999
-0.16519219,0.003266467,0,0.0063,0.050000001,0.0063,0.0049999999
-0.16536121,0.0032897971,0,0.0064000003,0.050000001,0.0064000003,0.0049999999
-0.16553022,0.003313127,0,0.0065000001,0.050000001,0.0065000001,0.0049999999
-0.16569924,0.0033364571,0,0.0066,0.050000001,0.0066,0.0049999999
-0.16586825,0.0033597872,0,0.0067000003,0.050000001,0.0067000003,0.0049999999
-0.16603728,0.003383117,0,0.0068000001,0.050000001,0.0068000001,0.0049999999
-0.16620629,0.0034064469,0,0.0068999999,0.050000001,0.0068999999,0.0049999999
-0.16637529,0.003429777,0,0.0070000002,0.050000001,0.0070000002,0.0049999999
-0.16654432,0.0034531071,0,0.0071,0.050000001,0.0071,0.0049999999
-0.16671333,0.0034764369,0,0.0071999999,0.050000001,0.0071999999,0.0049999999
-0.16688235,0.003499767,0,0.0073000002,0.050000001,0.0073000002,0.0049999999
-0.16705136,0.0035230971,0,0.0074,0.050000001,0.0074,0.0049999999
-0.16722038,0.003546427,0,0.0075000003,0.050000001,0.0075000003,0.0049999999
-0.16738939,0.0035697571,0,0.0076000001,0.050000001,0.0076000001,0.0049999999
-0.1675584,0.003593087,0,0.0077,0.050000001,0.0077,0.0049999999
-0.16772743,0.0036164171,0,0.0078000003,0.050000001,0.0078000003,0.0049999999
-0.16789643,0.0036397472,0,0.0079000005,0.050000001,0.0079000005,0.0049999999
-0.16806546,0.0036630773,0,0.0080000004,0.050000001,0.0080000004,0.0049999999
-0.16823447,0.0036864071,0,0.0081000002,0.050000001,0.0081000002,0.0049999999
-0.16840348,0.003709737,0,0.0082,0.050000001,0.0082,0.0049999999
-0.1685725,0.0037330671,0,0.0082999999,0.050000001,0.0082999999,0.0049999999
-0.16874151,0.0037563969,0,0.0083999997,0.050000001,0.0083999997,0.0049999999
-0.16891053,0.0037797273,0,0.0085000005,0.050000001,0.0085000005,0.0049999999
-0.16907954,0.0038030571,0,0.0086000003,0.050000001,0.0086000003,0.0049999999
-0.16924857,0.0038263872,0,0.0087000001,0.050000001,0.0087000001,0.0049999999
-0.16941758,0.0038497171,0,0.0088,0.050000001,0.0088,0.0049999999
-0.16958658,0.003873047,0,0.0088999998,0.050000001,0.0088999998,0.0049999999
-0.16975561,0.0038963773,0,0.0090000005,0.050000001,0.0090000005,0.0049999999
-0.16992462,0.0039197071,0,0.0091000004,0.050000001,0.0091000004,0.0049999999
-0.17009364,0.0039430372,0,0.0092000002,0.050000001,0.0092000002,0.0049999999
-0.17026265,0.0039663673,0,0.0093,0.050000001,0.0093,0.0049999999
-0.17043166,0.003989697,0,0.0093999999,0.050000001,0.0093999999,0.0049999999
-0.17060068,0.0040130271,0,0.0094999997,0.050000001,0.0094999997,0.0049999999
-0.17076969,0.0040363572,0,0.0096000005,0.050000001,0.0096000005,0.0049999999
-0.17093872,0.0040596873,0,0.0097000003,0.050000001,0.0097000003,0.0049999999
-0.17110772,0.0040830174,0,0.0098000001,0.050000001,0.0098000001,0.0049999999
-0.17127675,0.004106347,0,0.0098999999,0.050000001,0.0098999999,0.0049999999
-0.17144576,0.0041296771,0,0.0099999998,0.050000001,0.0099999998,0.0049999999
-0.17104925,0.0041336194,0,0.010100001,0.050000001,0.010100001,0.0049999999
-0.17065276,0.0041375621,0,0.0102,0.050000001,0.0102,0.0049999999
-0.17025627,0.0041415044,0,0.0103,0.050000001,0.0103,0.0049999999
-0.16985978,0.0041454472,0,0.0104,0.050000001,0.0104,0.0049999999
-0.16946328,0.0041493895,0,0.0105,0.050000001,0.0105,0.0049999999
-0.16906679,0.0041533322,0,0.010600001,0.050000001,0.010600001,0.0049999999
-0.16867028,0.0041572745,0,0.0107,0.050000001,0.0107,0.0049999999
-0.16827379,0.0041612168,0,0.0108,0.050000001,0.0108,0.0049999999
-0.1678773,0.0041651595,0,0.0109,0.050000001,0.0109,0.0049999999
-0.16748081,0.0041691018,0,0.011,0.050000001,0.011,0.0049999999
-0.16708431,0.0041730446,0,0.0111,0.050000001,0.0111,0.0049999999
-0.16668782,0.0041769869,0,0.011200001,0.050000001,0.011200001,0.0049999999
-0.16629131,0.0041809296,0,0.0113,0.050000001,0.0113,0.0049999999
-0.16589482,0.0041848719,0,0.0114,0.050000001,0.0114,0.0049999999
-0.16549833,0.0041888142,0,0.0115,0.050000001,0.0115,0.0049999999
-0.16510184,0.004192757,0,0.0116,0.050000001,0.0116,0.0049999999
-0.16470534,0.0041966992,0,0.011700001,0.050000001,0.011700001,0.0049999999
-0.16430885,0.004200642,0,0.0118,0.050000001,0.0118,0.0049999999
-0.16391234,0.0042045843,0,0.0119,0.050000001,0.0119,0.0049999999
-0.16351585,0.0042085266,0,0.012,0.050000001,0.012,0.0049999999
-0.16311936,0.0042124693,0,0.0121,0.050000001,0.0121,0.0049999999
-0.16272287,0.0042164116,0,0.0122,0.050000001,0.0122,0.0049999999
-0.16232637,0.0042203544,0,0.012300001,0.050000001,0.012300001,0.0049999999
-0.16192988,0.0042242967,0,0.0124,0.050000001,0.0124,0.0049999999
-0.16153337,0.0042282394,0,0.0125,0.050000001,0.0125,0.0049999999
-0.16113688,0.0042321817,0,0.0126,0.050000001,0.0126,0.0049999999
-0.16074039,0.004236124,0,0.0127,0.050000001,0.0127,0.0049999999
-0.16034389,0.0042400667,0,0.012800001,0.050000001,0.012800001,0.0049999999
-0.1599474,0.004244009,0,0.0129,0.050000001,0.0129,0.0049999999
-0.15955091,0.0042479518,0,0.013,0.050000001,0.013,0.0049999999
-0.1591544,0.0042518941,0,0.0131,0.050000001,0.0131,0.0049999999
-0.15875791,0.0042558364,0,0.0132,0.050000001,0.0132,0.0049999999
-0.15836142,0.0042597791,0,0.0133,0.050000001,0.0133,0.0049999999
-0.15796492,0.0042637214,0,0.013400001,0.050000001,0.013400001,0.0049999999
-0.15756842,0.0042676642,0,0.0135,0.050000001,0.0135,0.0049999999
-0.15717193,0.0042716064,0,0.0136,0.050000001,0.0136,0.0049999999
-0.15677543,0.0042755492,0,0.0137,0.050000001,0.0137,0.0049999999
-0.15637894,0.0042794915,0,0.0138,0.050000001,0.0138,0.0049999999
-0.15598243,0.0042834338,0,0.013900001,0.050000001,0.013900001,0.0049999999
-0.15558594,0.0042873765,0,0.014,0.050000001,0.014,0.0049999999
-0.15518945,0.0042913188,0,0.0141,0.050000001,0.0141,0.0049999999
-0.15479296,0.0042952616,0,0.0142,0.050000001,0.0142,0.0049999999
-0.15439646,0.0042992039,0,0.0143,0.050000001,0.0143,0.0049999999
-0.15399997,0.0043031462,0,0.0144,0.050000001,0.0144,0.0049999999
-0.15360346,0.0043070889,0,0.014500001,0.050000001,0.014500001,0.0049999999
-0.15320697,0.0043110312,0,0.0146,0.050000001,0.0146,0.0049999999
-0.15281048,0.004314974,0,0.0147,0.050000001,0.0147,0.0049999999
-0.15241399,0.0043189162,0,0.0148,0.050000001,0.0148,0.0049999999
-0.15201749,0.004322859,0,0.0149,0.050000001,0.0149,0.0049999999
-0.151621,0.0043268013,0,0.015000001,0.050000001,0.015000001,0.0049999999
-0.15095845,0.004338644,0,0.0151,0.050000001,0.0151,0.0049999999
-0.15029591,0.0043504871,0,0.0152,0.050000001,0.0152,0.0049999999
-0.14963338,0.0043623298,0,0.0153,0.050000001,0.0153,0.0049999999
-0.14897084,0.0043741725,0,0.0154,0.050000001,0.0154,0.0049999999
-0.14830829,0.0043860152,0,0.015500001,0.050000001,0.015500001,0.0049999999
-0.14764576,0.0043978584,0,0.015600001,0.050000001,0.015600001,0.0049999999
-0.14698322,0.0044097006,0,0.015699999,0.050000001,0.015699999,0.0049999999
-0.14632067,0.0044215438,0,0.015800001,0.050000001,0.015800001,0.0049999999
-0.14565814,0.0044333865,0,0.015900001,0.050000001,0.015900001,0.0049999999
-0.14499559,0.0044452292,0,0.016000001,0.050000001,0.016000001,0.0049999999
-0.14433305,0.0044570724,0,0.016100001,0.050000001,0.016100001,0.0049999999
-0.14367051,0.0044689151,0,0.0162,0.050000001,0.0162,0.0049999999
-0.14300798,0.0044807578,0,0.0163,0.050000001,0.0163,0.0049999999
-0.14234543,0.0044926004,0,0.0164,0.050000001,0.0164,0.0049999999
-0.14168289,0.0045044431,0,0.0165,0.050000001,0.0165,0.0049999999
-0.14102036,0.0045162863,0,0.0166,0.050000001,0.0166,0.0049999999
-0.14035782,0.004528129,0,0.0167,0.050000001,0.0167,0.0049999999
-0.13969529,0.0045399717,0,0.016799999,0.050000001,0.016799999,0.0049999999
-0.13903272,0.0045518149,0,0.016900001,0.050000001,0.016900001,0.0049999999
-0.13837019,0.0045636576,0,0.017000001,0.050000001,0.017000001,0.0049999999
-0.13770765,0.0045755003,0,0.017100001,0.050000001,0.017100001,0.0049999999
-0.13704512,0.004587343,0,0.017200001,0.050000001,0.017200001,0.0049999999
-0.13638258,0.0045991857,0,0.0173,0.050000001,0.0173,0.0049999999
-0.13572003,0.0046110284,0,0.0174,0.050000001,0.0174,0.0049999999
-0.13505749,0.0046228715,0,0.0175,0.050000001,0.0175,0.0049999999
-0.13439496,0.0046347142,0,0.0176,0.050000001,0.0176,0.0049999999
-0.13373242,0.0046465569,0,0.0177,0.050000001,0.0177,0.0049999999
-0.13306987,0.0046583996,0,0.0178,0.050000001,0.0178,0.0049999999
-0.13240734,0.0046702423,0,0.017899999,0.050000001,0.017899999,0.0049999999
-0.13174479,0.0046820855,0,0.018000001,0.050000001,0.018000001,0.0049999999
-0.13108225,0.0046939282,0,0.018100001,0.050000001,0.018100001,0.0049999999
-0.13041972,0.0047057709,0,0.018200001,0.050000001,0.018200001,0.0049999999
-0.12975717,0.004717614,0,0.018300001,0.050000001,0.018300001,0.0049999999
-0.12909463,0.0047294567,0,0.0184,0.050000001,0.0184,0.0049999999
-0.1284321,0.0047412994,0,0.0185,0.050000001,0.0185,0.0049999999
-0.12776956,0.0047531421,0,0.0186,0.050000001,0.0186,0.0049999999
-0.12710701,0.0047649848,0,0.0187,0.050000001,0.0187,0.0049999999
-0.12644447,0.0047768275,0,0.0188,0.050000001,0.0188,0.0049999999
-0.12578194,0.0047886707,0,0.0189,0.050000001,0.0189,0.0049999999
-0.1251194,0.0048005134,0,0.018999999,0.050000001,0.018999999,0.0049999999
-0.12445685,0.0048123561,0,0.019100001,0.050000001,0.019100001,0.0049999999
-0.12379431,0.0048241992,0,0.019200001,0.050000001,0.019200001,0.0049999999
-0.12313177,0.0048360419,0,0.019300001,0.050000001,0.019300001,0.0049999999
-0.12246923,0.0048478846,0,0.019400001,0.050000001,0.019400001,0.0049999999
-0.12180669,0.0048597273,0,0.0195,0.050000001,0.0195,0.0049999999
-0.12114415,0.00487157,0,0.0196,0.050000001,0.0196,0.0049999999
-0.12048161,0.0048834127,0,0.0197,0.050000001,0.0197,0.0049999999
-0.11981907,0.0048952559,0,0.0198,0.050000001,0.0198,0.0049999999
-0.11915653,0.0049070986,0,0.0199,0.050000001,0.0199,0.0049999999
-0.118494,0.0049189413,0,0.02,0.050000001,0.02,0.0049999999
-0.11796714,0.0049086348,0,0.020099999,0.050000001,0.020099999,0.0049999999
-0.11744027,0.0048983288,0,0.020200001,0.050000001,0.020200001,0.0049999999
-0.11691341,0.0048880223,0,0.020300001,0.050000001,0.020300001,0.0049999999
-0.11638656,0.0048777163,0,0.020400001,0.050000001,0.020400001,0.0049999999
-0.11585969,0.0048674098,0,0.020500001,0.050000001,0.020500001,0.0049999999
-0.11533283,0.0048571033,0,0.0206,0.050000001,0.0206,0.0049999999
-0.11480597,0.0048467973,0,0.0207,0.050000001,0.0207,0.0049999999
-0.11427912,0.0048364908,0,0.0208,0.050000001,0.0208,0.0049999999
-0.11375226,0.0048261848,0,0.0209,0.050000001,0.0209,0.0049999999
-0.1132254,0.0048158783,0,0.021,0.050000001,0.021,0.0049999999
-0.11269854,0.0048055723,0,0.0211,0.050000001,0.0211,0.0049999999
-0.11217167,0.0047952658,0,0.021200001,0.050000001,0.021200001,0.0049999999
-0.11164482,0.0047849594,0,0.021300001,0.050000001,0.021300001,0.0049999999
-0.11111796,0.0047746534,0,0.021400001,0.050000001,0.021400001,0.0049999999
-0.1105911,0.0047643469,0,0.021500001,0.050000001,0.021500001,0.0049999999
-0.11006424,0.0047540409,0,0.021600001,0.050000001,0.021600001,0.0049999999
-0.10953739,0.0047437344,0,0.0217,0.050000001,0.0217,0.0049999999
-0.10901053,0.0047334284,0,0.0218,0.050000001,0.0218,0.0049999999
-0.10848366,0.0047231219,0,0.0219,0.050000001,0.0219,0.0049999999
-0.1079568,0.0047128159,0,0.022,0.050000001,0.022,0.0049999999
-0.10742995,0.0047025094,0,0.0221,0.050000001,0.0221,0.0049999999
-0.10690309,0.0046922034,0,0.0222,0.050000001,0.0222,0.0049999999
-0.10637622,0.0046818969,0,0.022300001,0.050000001,0.022300001,0.0049999999
-0.10584936,0.0046715904,0,0.022400001,0.050000001,0.022400001,0.0049999999
-0.1053225,0.0046612844,0,0.022500001,0.050000001,0.022500001,0.0049999999
-0.10479565,0.0046509779,0,0.022600001,0.050000001,0.022600001,0.0049999999
-0.10426879,0.0046406719,0,0.022700001,0.050000001,0.022700001,0.0049999999
-0.10374193,0.0046303654,0,0.0228,0.050000001,0.0228,0.0049999999
-0.10321507,0.0046200594,0,0.0229,0.050000001,0.0229,0.0049999999
-0.10268822,0.0046097529,0,0.023,0.050000001,0.023,0.0049999999
-0.10216136,0.0045994469,0,0.0231,0.050000001,0.0231,0.0049999999
-0.10163449,0.0045891404,0,0.0232,0.050000001,0.0232,0.0049999999
-0.10110763,0.0045788344,0,0.0233,0.050000001,0.0233,0.0049999999
-0.10058077,0.0045685279,0,0.023400001,0.050000001,0.023400001,0.0049999999
-0.10005391,0.0045582214,0,0.023500001,0.050000001,0.023500001,0.0049999999
-0.099527054,0.0045479154,0,0.023600001,0.050000001,0.023600001,0.0049999999
-0.099000193,0.0045376089,0,0.023700001,0.050000001,0.023700001,0.0049999999
-0.098473333,0.0045273029,0,0.023800001,0.050000001,0.023800001,0.0049999999
-0.09794648,0.0045169964,0,0.0239,0.050000001,0.0239,0.0049999999
-0.09741962,0.0045066904,0,0.024,0.050000001,0.024,0.0049999999
-0.096892759,0.0044963839,0,0.0241,0.050000001,0.0241,0.0049999999
-0.096365899,0.0044860779,0,0.0242,0.050000001,0.0242,0.0049999999
-0.095839046,0.0044757714,0,0.0243,0.050000001,0.0243,0.0049999999
-0.095312186,0.0044654654,0,0.0244,0.050000001,0.0244,0.0049999999
-0.094785318,0.004455159,0,0.024500001,0.050000001,0.024500001,0.0049999999
-0.094258457,0.0044448525,0,0.024600001,0.050000001,0.024600001,0.0049999999
-0.093731597,0.0044345465,0,0.024700001,0.050000001,0.024700001,0.0049999999
-0.093204737,0.00442424,0,0.024800001,0.050000001,0.024800001,0.0049999999
-0.092677884,0.004413934,0,0.024900001,0.050000001,0.024900001,0.0049999999
-0.092151023,0.0044036275,0,0.025,0.050000001,0.025,0.0049999999
-0.091838695,0.0043765465,0,0.0251,0.050000001,0.0251,0.0049999999
-0.091526367,0.0043494655,0,0.0252,0.050000001,0.0252,0.0049999999
-0.091214038,0.0043223849,0,0.0253,0.050000001,0.0253,0.0049999999
-0.09090171,0.004295304,0,0.0254,0.050000001,0.0254,0.0049999999
-0.090589382,0.004268223,0,0.0255,0.050000001,0.0255,0.0049999999
-0.090277046,0.0042411415,0,0.025600001,0.050000001,0.025600001,0.0049999999
-0.089964725,0.0042140605,0,0.025700001,0.050000001,0.025700001,0.0049999999
-0.089652397,0.0041869795,0,0.025800001,0.050000001,0.025800001,0.0049999999
-0.089340068,0.004159899,0,0.025900001,0.050000001,0.025900001,0.0049999999
-0.08902774,0.004132818,0,0.026000001,0.050000001,0.026000001,0.0049999999
-0.088715412,0.004105737,0,0.0261,0.050000001,0.0261,0.0049999999
-0.088403083,0.004078656,0,0.0262,0.050000001,0.0262,0.0049999999
-0.088090755,0.004051575,0,0.0263,0.050000001,0.0263,0.0049999999
-0.087778427,0.0040244944,0,0.0264,0.050000001,0.0264,0.0049999999
-0.087466098,0.0039974134,0,0.0265,0.050000001,0.0265,0.0049999999
-0.08715377,0.0039703324,0,0.0266,0.050000001,0.0266,0.0049999999
-0.086841434,0.003943251,0,0.026700001,0.050000001,0.026700001,0.0049999999
-0.086529106,0.00391617,0,0.026800001,0.050000001,0.026800001,0.0049999999
-0.086216778,0.0038890892,0,0.026900001,0.050000001,0.026900001,0.0049999999
-0.085904449,0.0038620082,0,0.027000001,0.050000001,0.027000001,0.0049999999
-0.085592121,0.0038349275,0,0.027100001,0.050000001,0.027100001,0.0049999999
-0.085279793,0.0038078465,0,0.0272,0.050000001,0.0272,0.0049999999
-0.084967464,0.0037807655,0,0.0273,0.050000001,0.0273,0.0049999999
-0.084655136,0.0037536847,0,0.0274,0.050000001,0.0274,0.0049999999
-0.084342808,0.0037266037,0,0.0275,0.050000001,0.0275,0.0049999999
-0.084030487,0.0036995227,0,0.0276,0.050000001,0.0276,0.0049999999
-0.083718158,0.0036724419,0,0.0277,0.050000001,0.0277,0.0049999999
-0.083405823,0.0036453605,0,0.027800001,0.050000001,0.027800001,0.0049999999
-0.083093494,0.0036182795,0,0.027900001,0.050000001,0.027900001,0.0049999999
-0.082781166,0.0035911987,0,0.028000001,0.050000001,0.028000001,0.0049999999
-0.082468837,0.0035641177,0,0.028100001,0.050000001,0.028100001,0.0049999999
-0.082156509,0.0035370367,0,0.028200001,0.050000001,0.028200001,0.0049999999
-0.081844181,0.0035099559,0,0.0283,0.050000001,0.0283,0.0049999999
-0.081531852,0.0034828749,0,0.0284,0.050000001,0.0284,0.0049999999
-0.081219524,0.0034557942,0,0.0285,0.050000001,0.0285,0.0049999999
-0.080907196,0.0034287132,0,0.0286,0.050000001,0.0286,0.0049999999
-0.080594867,0.0034016322,0,0.0287,0.050000001,0.0287,0.0049999999
-0.080282539,0.0033745514,0,0.0288,0.050000001,0.0288,0.0049999999
-0.079970211,0.00334747,0,0.028900001,0.050000001,0.028900001,0.0049999999
-0.079657882,0.003320389,0,0.029000001,0.050000001,0.029000001,0.0049999999
-0.079345554,0.0032933082,0,0.029100001,0.050000001,0.029100001,0.0049999999
-0.079033226,0.0032662272,0,0.029200001,0.050000001,0.029200001,0.0049999999
-0.078720897,0.0032391462,0,0.029300001,0.050000001,0.029300001,0.0049999999
-0.078408569,0.0032120654,0,0.0294,0.050000001,0.0294,0.0049999999
-0.078096241,0.0031849844,0,0.0295,0.050000001,0.0295,0.0049999999
-0.077783912,0.0031579037,0,0.0296,0.050000001,0.0296,0.0049999999
-0.077471584,0.0031308227,0,0.0297,0.050000001,0.0297,0.0049999999
-0.077159256,0.0031037417,0,0.0298,0.050000001,0.0298,0.0049999999
-0.07684692,0.0030766602,0,0.029900001,0.050000001,0.029900001,0.0049999999
-0.076534592,0.0030495794,0,0.030000001,0.050000001,0.030000001,0.0049999999
-0.076163903,0.0030794831,0,0.030100001,0.050000001,0.030100001,0.0049999999
-0.075793207,0.0031093855,0,0.030200001,0.050000001,0.030200001,0.0049999999
-0.075422518,0.0031392882,0,0.030300001,0.050000001,0.030300001,0.0049999999
-0.075051829,0.0031691906,0,0.030400001,0.050000001,0.030400001,0.0049999999
-0.074681133,0.0031990933,0,0.0305,0.050000001,0.0305,0.0049999999
-0.074310444,0.0032289957,0,0.0306,0.050000001,0.0306,0.0049999999
-0.073939756,0.0032588982,0,0.0307,0.050000001,0.0307,0.0049999999
-0.073569059,0.0032888008,0,0.0308,0.050000001,0.0308,0.0049999999
-0.073198371,0.0033187033,0,0.0309,0.050000001,0.0309,0.0049999999
-0.072827674,0.0033486064,0,0.031000001,0.050000001,0.031000001,0.0049999999
-0.072456978,0.0033785091,0,0.031100001,0.050000001,0.031100001,0.0049999999
-0.07208629,0.0034084115,0,0.031200001,0.050000001,0.031200001,0.0049999999
-0.071715601,0.0034383142,0,0.031300001,0.050000001,0.031300001,0.0049999999
-0.071344912,0.0034682162,0,0.031399999,0.050000001,0.031399999,0.0049999999
-0.070974216,0.0034981191,0,0.031500001,0.050000001,0.031500001,0.0049999999
-0.07060352,0.0035280222,0,0.031600002,0.050000001,0.031600002,0.0049999999
-0.070232831,0.0035579242,0,0.0317,0.050000001,0.0317,0.0049999999
-0.069862135,0.0035878273,0,0.031800002,0.050000001,0.031800002,0.0049999999
-0.069491453,0.0036177293,0,0.0319,0.050000001,0.0319,0.0049999999
-0.06912075,0.0036476324,0,0.032000002,0.050000001,0.032000002,0.0049999999
-0.068750069,0.0036775344,0,0.032099999,0.050000001,0.032099999,0.0049999999
-0.068379372,0.0037074375,0,0.032200001,0.050000001,0.032200001,0.0049999999
-0.068008684,0.0037373395,0,0.032299999,0.050000001,0.032299999,0.0049999999
-0.067637987,0.0037672427,0,0.032400001,0.050000001,0.032400001,0.0049999999
-0.067267299,0.0037971446,0,0.032499999,0.050000001,0.032499999,0.0049999999
-0.066896603,0.0038270478,0,0.032600001,0.050000001,0.032600001,0.0049999999
-0.066525906,0.0038569507,0,0.032700002,0.050000001,0.032700002,0.0049999999
-0.066155218,0.0038868529,0,0.0328,0.050000001,0.0328,0.0049999999
-0.065784521,0.0039167558,0,0.032900002,0.050000001,0.032900002,0.0049999999
-0.06541384,0.0039466578,0,0.033,0.050000001,0.033,0.0049999999
-0.065043144,0.0039765611,0,0.033100002,0.050000001,0.033100002,0.0049999999
-0.064672455,0.0040064631,0,0.033199999,0.050000001,0.033199999,0.0049999999
-0.064301759,0.004036366,0,0.033300001,0.050000001,0.033300001,0.0049999999
-0.06393107,0.004066268,0,0.033399999,0.050000001,0.033399999,0.0049999999
-0.063560374,0.0040961709,0,0.033500001,0.050000001,0.033500001,0.0049999999
-0.063189693,0.0041260733,0,0.033599999,0.050000001,0.033599999,0.0049999999
-0.062818989,0.0041559762,0,0.0337,0.050000001,0.0337,0.0049999999
-0.062448293,0.0041858791,0,0.033800002,0.050000001,0.033800002,0.0049999999
-0.062077608,0.0042157811,0,0.0339,0.050000001,0.0339,0.0049999999
-0.061706912,0.0042456845,0,0.034000002,0.050000001,0.034000002,0.0049999999
-0.061336227,0.0042755865,0,0.0341,0.050000001,0.0341,0.0049999999
-0.060965531,0.0043054894,0,0.034200002,0.050000001,0.034200002,0.0049999999
-0.060594846,0.0043353913,0,0.034299999,0.050000001,0.034299999,0.0049999999
-0.060224146,0.0043652947,0,0.034400001,0.050000001,0.034400001,0.0049999999
-0.059853461,0.0043951967,0,0.034499999,0.050000001,0.034499999,0.0049999999
-0.059482764,0.0044250996,0,0.034600001,0.050000001,0.034600001,0.0049999999
-0.059112079,0.0044550016,0,0.034699999,0.050000001,0.034699999,0.0049999999
-0.05874138,0.0044849049,0,0.0348,0.050000001,0.0348,0.0049999999
-0.058370683,0.0045148078,0,0.034900002,0.050000001,0.034900002,0.0049999999
-0.057999998,0.0045447098,0,0.035,0.050000001,0.035,0.0049999999
-0.057627294,0.0045402921,0,0.035100002,0.050000001,0.035100002,0.0049999999
-0.057254605,0.0045358744,0,0.0352,0.050000001,0.0352,0.0049999999
-0.056881901,0.0045314562,0,0.035300002,0.050000001,0.035300002,0.0049999999
-0.056509208,0.0045270384,0,0.035399999,0.050000001,0.035399999,0.0049999999
-0.056136504,0.0045226207,0,0.035500001,0.050000001,0.035500001,0.0049999999
-0.055763815,0.004518203,0,0.035599999,0.050000001,0.035599999,0.0049999999
-0.05539111,0.0045137848,0,0.035700001,0.050000001,0.035700001,0.0049999999
-0.055018418,0.004509367,0,0.035799999,0.050000001,0.035799999,0.0049999999
-0.054645713,0.0045049493,0,0.0359,0.050000001,0.0359,0.0049999999
-0.054273009,0.0045005311,0,0.036000002,0.050000001,0.036000002,0.0049999999
-0.05390032,0.0044961134,0,0.0361,0.050000001,0.0361,0.0049999999
-0.053527616,0.0044916957,0,0.036200002,0.050000001,0.036200002,0.0049999999
-0.053154927,0.0044872779,0,0.0363,0.050000001,0.0363,0.0049999999
-0.052782223,0.0044828597,0,0.036400001,0.050000001,0.036400001,0.0049999999
-0.05240953,0.004478442,0,0.036499999,0.050000001,0.036499999,0.0049999999
-0.052036826,0.0044740243,0,0.036600001,0.050000001,0.036600001,0.0049999999
-0.051664136,0.0044696066,0,0.036699999,0.050000001,0.036699999,0.0049999999
-0.051291432,0.0044651884,0,0.036800001,0.050000001,0.036800001,0.0049999999
-0.050918743,0.0044607706,0,0.036899999,0.050000001,0.036899999,0.0049999999
-0.050546035,0.0044563529,0,0.037,0.050000001,0.037,0.0049999999
-0.050173331,0.0044519347,0,0.037100002,0.050000001,0.037100002,0.0049999999
-0.049800642,0.004447517,0,0.0372,0.050000001,0.0372,0.0049999999
-0.049427938,0.0044430993,0,0.037300002,0.050000001,0.037300002,0.0049999999
-0.049055248,0.0044386815,0,0.0374,0.050000001,0.0374,0.0049999999
-0.048682544,0.0044342633,0,0.037500001,0.050000001,0.037500001,0.0049999999
-0.048309851,0.0044298456,0,0.037599999,0.050000001,0.037599999,0.0049999999
-0.047937147,0.0044254279,0,0.037700001,0.050000001,0.037700001,0.0049999999
-0.047564458,0.0044210101,0,0.037799999,0.050000001,0.037799999,0.0049999999
-0.047191754,0.004416592,0,0.037900001,0.050000001,0.037900001,0.0049999999
-0.046819065,0.0044121742,0,0.037999999,0.050000001,0.037999999,0.0049999999
-0.046446357,0.0044077565,0,0.0381,0.050000001,0.0381,0.0049999999
-0.046073653,0.0044033383,0,0.038200002,0.050000001,0.038200002,0.0049999999
-0.045700964,0.0043989206,0,0.0383,0.050000001,0.0383,0.0049999999
-0.045328259,0.0043945028,0,0.038400002,0.050000001,0.038400002,0.0049999999
-0.04495557,0.0043900851,0,0.0385,0.050000001,0.0385,0.0049999999
-0.044582866,0.0043856669,0,0.038600001,0.050000001,0.038600001,0.0049999999
-0.044210173,0.0043812492,0,0.038699999,0.050000001,0.038699999,0.0049999999
-0.043837469,0.0043768315,0,0.038800001,0.050000001,0.038800001,0.0049999999
-0.04346478,0.0043724137,0,0.038899999,0.050000001,0.038899999,0.0049999999
-0.043092076,0.0043679955,0,0.039000001,0.050000001,0.039000001,0.0049999999
-0.042719387,0.0043635778,0,0.039099999,0.050000001,0.039099999,0.0049999999
-0.042346682,0.0043591601,0,0.0392,0.050000001,0.0392,0.0049999999
-0.041973975,0.0043547424,0,0.039300002,0.050000001,0.039300002,0.0049999999
-0.041601285,0.0043503242,0,0.0394,0.050000001,0.0394,0.0049999999
-0.041228581,0.0043459064,0,0.039500002,0.050000001,0.039500002,0.0049999999
-0.040855892,0.0043414887,0,0.0396,0.050000001,0.0396,0.0049999999
-0.040483188,0.004337071,0,0.039700001,0.050000001,0.039700001,0.0049999999
-0.040110495,0.0043326528,0,0.039799999,0.050000001,0.039799999,0.0049999999
-0.039737791,0.0043282351,0,0.039900001,0.050000001,0.039900001,0.0049999999
-0.039365102,0.0043238173,0,0.039999999,0.050000001,0.039999999,0.0049999999
-0.039017845,0.0043481598,0,0.040100001,0.050000001,0.040100001,0.0049999999
-0.038670603,0.0043725013,0,0.040199999,0.050000001,0.040199999,0.0049999999
-0.03832335,0.0043968433,0,0.0403,0.050000001,0.0403,0.0049999999
-0.037976094,0.0044211857,0,0.040400002,0.050000001,0.040400002,0.0049999999
-0.037628852,0.0044455272,0,0.0405,0.050000001,0.0405,0.0049999999
-0.037281595,0.0044698697,0,0.040600002,0.050000001,0.040600002,0.0049999999
-0.036934353,0.0044942112,0,0.0407,0.050000001,0.0407,0.0049999999
-0.036587097,0.0045185536,0,0.040800001,0.050000001,0.040800001,0.0049999999
-0.036239855,0.0045428947,0,0.040899999,0.050000001,0.040899999,0.0049999999
-0.035892602,0.0045672371,0,0.041000001,0.050000001,0.041000001,0.0049999999
-0.03554536,0.0045915786,0,0.041099999,0.050000001,0.041099999,0.0049999999
-0.035198104,0.0046159211,0,0.041200001,0.050000001,0.041200001,0.0049999999
-0.034850862,0.0046402626,0,0.041299999,0.050000001,0.041299999,0.0049999999
-0.034503605,0.0046646046,0,0.0414,0.050000001,0.0414,0.0049999999
-0.034156352,0.004688947,0,0.041500002,0.050000001,0.041500002,0.0049999999
-0.033809107,0.0047132885,0,0.0416,0.050000001,0.0416,0.0049999999
-0.033461854,0.004737631,0,0.041700002,0.050000001,0.041700002,0.0049999999
-0.033114612,0.0047619725,0,0.0418,0.050000001,0.0418,0.0049999999
-0.032767355,0.0047863149,0,0.041900001,0.050000001,0.041900001,0.0049999999
-0.032420114,0.004810656,0,0.041999999,0.050000001,0.041999999,0.0049999999
-0.032072857,0.0048349984,0,0.042100001,0.050000001,0.042100001,0.0049999999
-0.031725615,0.0048593399,0,0.042199999,0.050000001,0.042199999,0.0049999999
-0.031378362,0.0048836824,0,0.042300001,0.050000001,0.042300001,0.0049999999
-0.031031106,0.0049080248,0,0.042400002,0.050000001,0.042400002,0.0049999999
-0.030683864,0.0049323663,0,0.0425,0.050000001,0.0425,0.0049999999
-0.030336607,0.0049567083,0,0.042600002,0.050000001,0.042600002,0.0049999999
-0.029989365,0.0049810498,0,0.0427,0.050000001,0.0427,0.0049999999
-0.029642111,0.0050053922,0,0.042800002,0.050000001,0.042800002,0.0049999999
-0.029294867,0.0050297338,0,0.0429,0.050000001,0.0429,0.0049999999
-0.028947612,0.0050540762,0,0.043000001,0.050000001,0.043000001,0.0049999999
-0.028600371,0.0050784172,0,0.043099999,0.050000001,0.043099999,0.0049999999
-0.028253116,0.0051027597,0,0.043200001,0.050000001,0.043200001,0.0049999999
-0.027905872,0.0051271012,0,0.043299999,0.050000001,0.043299999,0.0049999999
-0.027558617,0.0051514436,0,0.043400001,0.050000001,0.043400001,0.0049999999
-0.027211362,0.0051757861,0,0.043500002,0.050000001,0.043500002,0.0049999999
-0.026864121,0.0052001276,0,0.0436,0.050000001,0.0436,0.0049999999
-0.026516864,0.0052244696,0,0.043700002,0.050000001,0.043700002,0.0049999999
-0.026169622,0.0052488111,0,0.0438,0.050000001,0.0438,0.0049999999
-0.025822368,0.0052731535,0,0.043900002,0.050000001,0.043900002,0.0049999999
-0.025475126,0.0052974951,0,0.044,0.050000001,0.044,0.0049999999
-0.025127869,0.0053218375,0,0.044100001,0.050000001,0.044100001,0.0049999999
-0.024780627,0.0053461785,0,0.044199999,0.050000001,0.044199999,0.0049999999
-0.024433373,0.005370521,0,0.044300001,0.050000001,0.044300001,0.0049999999
-0.024086131,0.0053948625,0,0.044399999,0.050000001,0.044399999,0.0049999999
-0.023738874,0.0054192049,0,0.044500001,0.050000001,0.044500001,0.0049999999
-0.023391619,0.0054435474,0,0.044600002,0.050000001,0.044600002,0.0049999999
-0.023044378,0.0054678889,0,0.0447,0.050000001,0.0447,0.0049999999
-0.022697123,0.0054922309,0,0.044800002,0.050000001,0.044800002,0.0049999999
-0.022349879,0.0055165724,0,0.0449,0.050000001,0.0449,0.0049999999
-0.022002624,0.0055409148,0,0.045000002,0.050000001,0.045000002,0.0049999999
-0.021643721,0.0055822697,0,0.0451,0.050000001,0.0451,0.0049999999
-0.021284806,0.0056236261,0,0.045200001,0.050000001,0.045200001,0.0049999999
-0.020925902,0.005664981,0,0.045299999,0.050000001,0.045299999,0.0049999999
-0.020566985,0.0057063373,0,0.045400001,0.050000001,0.045400001,0.0049999999
-0.020208083,0.0057476922,0,0.045499999,0.050000001,0.045499999,0.0049999999
-0.019849166,0.0057890485,0,0.045600001,0.050000001,0.045600001,0.0049999999
-0.019490249,0.0058304053,0,0.045700002,0.050000001,0.045700002,0.0049999999
-0.019131346,0.0058717602,0,0.0458,0.050000001,0.0458,0.0049999999
-0.018772431,0.0059131165,0,0.045900002,0.050000001,0.045900002,0.0049999999
-0.018413527,0.0059544714,0,0.046,0.050000001,0.046,0.0049999999
-0.01805461,0.0059958277,0,0.046100002,0.050000001,0.046100002,0.0049999999
-0.017695708,0.0060371826,0,0.0462,0.050000001,0.0462,0.0049999999
-0.017336791,0.006078539,0,0.046300001,0.050000001,0.046300001,0.0049999999
-0.016977888,0.0061198939,0,0.046399999,0.050000001,0.046399999,0.0049999999
-0.016618971,0.0061612502,0,0.046500001,0.050000001,0.046500001,0.0049999999
-0.016260069,0.0062026051,0,0.046599999,0.050000001,0.046599999,0.0049999999
-0.015901152,0.0062439614,0,0.046700001,0.050000001,0.046700001,0.0049999999
-0.015542235,0.0062853182,0,0.046800002,0.050000001,0.046800002,0.0049999999
-0.015183332,0.0063266726,0,0.0469,0.050000001,0.0469,0.0049999999
-0.014824416,0.0063680294,0,0.047000002,0.050000001,0.047000002,0.0049999999
-0.014465513,0.0064093843,0,0.0471,0.050000001,0.0471,0.0049999999
-0.014106596,0.0064507406,0,0.047200002,0.050000001,0.047200002,0.0049999999
-0.013747693,0.0064920955,0,0.0473,0.050000001,0.0473,0.0049999999
-0.013388777,0.0065334518,0,0.047400001,0.050000001,0.047400001,0.0049999999
-0.013029873,0.0065748068,0,0.047499999,0.050000001,0.047499999,0.0049999999
-0.012670957,0.0066161631,0,0.047600001,0.050000001,0.047600001,0.0049999999
-0.012312055,0.006657518,0,0.047699999,0.050000001,0.047699999,0.0049999999
-0.011953138,0.0066988743,0,0.047800001,0.050000001,0.047800001,0.0049999999
-0.011594221,0.0067402306,0,0.047900002,0.050000001,0.047900002,0.0049999999
-0.011235318,0.0067815855,0,0.048,0.050000001,0.048,0.0049999999
-0.010876402,0.0068229423,0,0.048100002,0.050000001,0.048100002,0.0049999999
-0.010517498,0.0068642967,0,0.0482,0.050000001,0.0482,0.0049999999
-0.010158583,0.0069056535,0,0.048300002,0.050000001,0.048300002,0.0049999999
-0.0097996797,0.0069470084,0,0.0484,0.050000001,0.0484,0.0049999999
-0.0094407629,0.0069883647,0,0.048500001,0.050000001,0.048500001,0.0049999999
-0.0090818601,0.0070297197,0,0.048599999,0.050000001,0.048599999,0.0049999999
-0.0087229433,0.007071076,0,0.048700001,0.050000001,0.048700001,0.0049999999
-0.0083640404,0.0071124309,0,0.048799999,0.050000001,0.048799999,0.0049999999
-0.0080051236,0.0071537872,0,0.048900001,0.050000001,0.048900001,0.0049999999
-0.0076462072,0.0071951435,0,0.049000002,0.050000001,0.049000002,0.0049999999
-0.0072873044,0.0072364984,0,0.0491,0.050000001,0.0491,0.0049999999
-0.006928388,0.0072778547,0,0.049200002,0.050000001,0.049200002,0.0049999999
-0.0065694847,0.0073192096,0,0.0493,0.050000001,0.0493,0.0049999999
-0.0062105684,0.0073605664,0,0.049400002,0.050000001,0.049400002,0.0049999999
-0.0058516655,0.0074019213,0,0.0495,0.050000001,0.0495,0.0049999999
-0.0054927487,0.0074432776,0,0.049600001,0.050000001,0.049600001,0.0049999999
-0.0051338458,0.0074846325,0,0.049699999,0.050000001,0.049699999,0.0049999999
-0.0047749295,0.0075259889,0,0.049800001,0.050000001,0.049800001,0.0049999999
-0.0044160262,0.0075673438,0,0.049899999,0.050000001,0.049899999,0.0049999999
-0.0040571098,0.0076087001,0,0.050000001,0.050000001,0.050000001,0.0049999999
-0.0037270032,0.0076319133,0,0.050100002,0.050000001,0.050100002,0.0049999999
-0.0033969088,0.007655126,0,0.0502,0.050000001,0.0502,0.0049999999
-0.0030668022,0.0076783393,0,0.050300002,0.050000001,0.050300002,0.0049999999
-0.0027367077,0.007701552,0,0.0504,0.050000001,0.0504,0.0049999999
-0.0024066011,0.0077247652,0,0.050500002,0.050000001,0.050500002,0.0049999999
-0.0020765068,0.007747978,0,0.0506,0.050000001,0.0506,0.0049999999
-0.0017464001,0.0077711912,0,0.050700001,0.050000001,0.050700001,0.0049999999
-0.0014163058,0.0077944039,0,0.050799999,0.050000001,0.050799999,0.0049999999
-0.0010861991,0.0078176176,0,0.050900001,0.050000001,0.050900001,0.0049999999
-0.00075610477,0.0078408299,0,0.050999999,0.050000001,0.050999999,0.0049999999
-0.00042599809,0.0078640431,0,0.051100001,0.050000001,0.051100001,0.0049999999
-9.5891424e-05,0.0078872563,0,0.051200002,0.050000001,0.051200002,0.0049999999
0.00023420293,0.0079104686,0,0.0513,0.050000001,0.0513,0.0049999999
0.00056430959,0.0079336828,0,0.051400002,0.050000001,0.051400002,0.0049999999
0.00089440396,0.007956895,0,0.0515,0.050000001,0.0515,0.0049999999
0.0012245106,0.0079801083,0,0.051600002,0.050000001,0.051600002,0.0049999999
0.001554605,0.0080033205,0,0.0517,0.050000001,0.0517,0.0049999999
0.0018847117,0.0080265347,0,0.051800001,0.050000001,0.051800001,0.0049999999
0.0022148059,0.008049747,0,0.051899999,0.050000001,0.051899999,0.0049999999
0.0025449127,0.0080729602,0,0.052000001,0.050000001,0.052000001,0.0049999999
0.002875007,0.0080961725,0,0.052099999,0.050000001,0.052099999,0.0049999999
0.0032051136,0.0081193866,0,0.052200001,0.050000001,0.052200001,0.0049999999
0.0035352204,0.0081425998,0,0.052300002,0.050000001,0.052300002,0.0049999999
0.0038653146,0.0081658121,0,0.0524,0.050000001,0.0524,0.0049999999
0.0041954215,0.0081890253,0,0.052500002,0.050000001,0.052500002,0.0049999999
0.0045255157,0.0082122376,0,0.0526,0.050000001,0.0526,0.0049999999
0.0048556225,0.0082354518,0,0.052700002,0.050000001,0.052700002,0.0049999999
0.0051857168,0.008258664,0,0.0528,0.050000001,0.0528,0.0049999999
0.0055158231,0.0082818773,0,0.052900001,0.050000001,0.052900001,0.0049999999
0.0058459179,0.0083050895,0,0.052999999,0.050000001,0.052999999,0.0049999999
0.0061760242,0.0083283037,0,0.053100001,0.050000001,0.053100001,0.0049999999
0.0065061189,0.008351516,0,0.053199999,0.050000001,0.053199999,0.0049999999
0.0068362253,0.0083747292,0,0.053300001,0.050000001,0.053300001,0.0049999999
0.0071663321,0.0083979424,0,0.053400002,0.050000001,0.053400002,0.0049999999
0.0074964263,0.0084211556,0,0.0535,0.050000001,0.0535,0.0049999999
0.0078265332,0.0084443688,0,0.053600002,0.050000001,0.053600002,0.0049999999
0.0081566274,0.0084675811,0,0.0537,0.050000001,0.0537,0.0049999999
0.0084867338,0.0084907943,0,0.053800002,0.050000001,0.053800002,0.0049999999
0.008816828,0.0085140066,0,0.0539,0.050000001,0.0539,0.0049999999
0.0091469353,0.0085372208,0,0.054000001,0.050000001,0.054000001,0.0049999999
0.0094770296,0.0085604331,0,0.054099999,0.050000001,0.054099999,0.0049999999
0.0098071359,0.0085836463,0,0.054200001,0.050000001,0.054200001,0.0049999999
0.01013723,0.0086068586,0,0.054299999,0.050000001,0.054299999,0.0049999999
0.010467337,0.0086300727,0,0.054400001,0.050000001,0.054400001,0.0049999999
0.010797444,0.0086532859,0,0.054500002,0.050000001,0.054500002,0.0049999999
0.011127538,0.0086764982,0,0.0546,0.050000001,0.0546,0.0049999999
0.011457644,0.0086997114,0,0.054700002,0.050000001,0.054700002,0.0049999999
0.01178774,0.0087229246,0,0.0548,0.050000001,0.0548,0.0049999999
0.012117846,0.0087461378,0,0.054900002,0.050000001,0.054900002,0.0049999999
0.01244794,0.0087693501,0,0.055,0.050000001,0.055,0.0049999999
0.012770933,0.008811499,0,0.055100001,0.050000001,0.055100001,0.0049999999
0.013093915,0.008853646,0,0.055199999,0.050000001,0.055199999,0.0049999999
0.013416908,0.0088957939,0,0.055300001,0.050000001,0.055300001,0.0049999999
0.013739889,0.0089379409,0,0.055399999,0.050000001,0.055399999,0.0049999999
0.014062882,0.0089800898,0,0.055500001,0.050000001,0.055500001,0.0049999999
0.014385875,0.0090222377,0,0.055600002,0.050000001,0.055600002,0.0049999999
0.014708857,0.0090643847,0,0.0557,0.050000001,0.0557,0.0049999999
0.01503185,0.0091065336,0,0.055800002,0.050000001,0.055800002,0.0049999999
0.015354831,0.0091486806,0,0.0559,0.050000001,0.0559,0.0049999999
0.015677825,0.0091908295,0,0.056000002,0.050000001,0.056000002,0.0049999999
0.016000805,0.0092329765,0,0.0561,0.050000001,0.0561,0.0049999999
0.016323799,0.0092751244,0,0.056200001,0.050000001,0.056200001,0.0049999999
0.01664678,0.0093172714,0,0.056299999,0.050000001,0.056299999,0.0049999999
0.016969774,0.0093594203,0,0.056400001,0.050000001,0.056400001,0.0049999999
0.017292755,0.0094015673,0,0.056499999,0.050000001,0.056499999,0.0049999999
0.017615749,0.0094437152,0,0.056600001,0.050000001,0.056600001,0.0049999999
0.017938741,0.0094858641,0,0.056700002,0.050000001,0.056700002,0.0049999999
0.018261721,0.0095280111,0,0.0568,0.050000001,0.0568,0.0049999999
0.018584715,0.0095701599,0,0.056900002,0.050000001,0.056900002,0.0049999999
0.018907696,0.009612307,0,0.057,0.050000001,0.057,0.0049999999
0.01923069,0.0096544549,0,0.057100002,0.050000001,0.057100002,0.0049999999
0.019553671,0.0096966019,0,0.0572,0.050000001,0.0572,0.0049999999
0.019876665,0.0097387508,0,0.057300001,0.050000001,0.057300001,0.0049999999
0.020199645,0.0097808978,0,0.057399999,0.050000001,0.057399999,0.0049999999
0.020522639,0.0098230457,0,0.057500001,0.050000001,0.057500001,0.0049999999
0.02084562,0.0098651927,0,0.057599999,0.050000001,0.057599999,0.0049999999
0.021168614,0.0099073416,0,0.057700001,0.050000001,0.057700001,0.0049999999
0.021491606,0.0099494904,0,0.057800002,0.050000001,0.057800002,0.0049999999
0.021814587,0.0099916374,0,0.0579,0.050000001,0.0579,0.0049999999
0.02213758,0.010033785,0,0.058000002,0.050000001,0.058000002,0.0049999999
0.022460561,0.010075932,0,0.0581,0.050000001,0.0581,0.0049999999
0.022783555,0.010118081,0,0.058200002,0.050000001,0.058200002,0.0049999999
0.023106536,0.010160228,0,0.0583,0.050000001,0.0583,0.0049999999
0.02342953,0.010202376,0,0.058400001,0.050000001,0.058400001,0.0049999999
0.023752511,0.010244523,0,0.058499999,0.050000001,0.058499999,0.0049999999
0.024075504,0.010286672,0,0.058600001,0.050000001,0.058600001,0.0049999999
0.024398496,0.010328821,0,0.058700003,0.050000001,0.058700003,0.0049999999
0.024721479,0.010370967,0,0.058800001,0.050000001,0.058800001,0.0049999999
0.025044471,0.010413116,0,0.058900002,0.050000001,0.058900002,0.0049999999
0.025367454,0.010455263,0,0.059,0.050000001,0.059,0.0049999999
0.025690446,0.010497412,0,0.059100002,0.050000001,0.059100002,0.0049999999
0.026013426,0.010539559,0,0.0592,0.050000001,0.0592,0.0049999999
0.02633642,0.010581707,0,0.059300002,0.050000001,0.059300002,0.0049999999
0.026659401,0.010623854,0,0.0594,0.050000001,0.0594,0.0049999999
0.026982395,0.010666003,0,0.059500001,0.050000001,0.059500001,0.0049999999
0.027305376,0.01070815,0,0.059599999,0.050000001,0.059599999,0.0049999999
0.02762837,0.010750297,0,0.059700001,0.050000001,0.059700001,0.0049999999
0.027951363,0.010792446,0,0.059800003,0.050000001,0.059800003,0.0049999999
0.028274344,0.010834593,0,0.059900001,0.050000001,0.059900001,0.0049999999
0.028597336,0.010876742,0,0.060000002,0.050000001,0.060000002,0.0049999999
0.02893695,0.010924617,0,0.0601,0.050000001,0.0601,0.0049999999
0.029276574,0.010972493,0,0.060200002,0.050000001,0.060200002,0.0049999999
0.029616186,0.011020369,0,0.0603,0.050000001,0.0603,0.0049999999
0.029955812,0.011068245,0,0.060400002,0.050000001,0.060400002,0.0049999999
0.030295424,0.01111612,0,0.0605,0.050000001,0.0605,0.0049999999
0.03063505,0.011163997,0,0.060600001,0.050000001,0.060600001,0.0049999999
0.03097466,0.011211872,0,0.060699999,0.050000001,0.060699999,0.0049999999
0.031314287,0.011259749,0,0.060800001,0.050000001,0.060800001,0.0049999999
0.031653911,0.011307625,0,0.060900003,0.050000001,0.060900003,0.0049999999
0.031993523,0.0113555,0,0.061000001,0.050000001,0.061000001,0.0049999999
0.032333147,0.011403376,0,0.061100002,0.050000001,0.061100002,0.0049999999
0.032672759,0.011451252,0,0.0612,0.050000001,0.0612,0.0049999999
0.033012383,0.011499128,0,0.061300002,0.050000001,0.061300002,0.0049999999
0.033351995,0.011547003,0,0.0614,0.050000001,0.0614,0.0049999999
0.033691622,0.011594879,0,0.061500002,0.050000001,0.061500002,0.0049999999
0.034031235,0.011642754,0,0.0616,0.050000001,0.0616,0.0049999999
0.034370858,0.011690632,0,0.061700001,0.050000001,0.061700001,0.0049999999
0.034710471,0.011738506,0,0.061799999,0.050000001,0.061799999,0.0049999999
0.035050094,0.011786383,0,0.061900001,0.050000001,0.061900001,0.0049999999
0.035389721,0.011834259,0,0.062000003,0.050000001,0.062000003,0.0049999999
0.035729334,0.011882135,0,0.062100001,0.050000001,0.062100001,0.0049999999
0.036068957,0.011930011,0,0.062200002,0.050000001,0.062200002,0.0049999999
0.03640857,0.011977886,0,0.0623,0.050000001,0.0623,0.0049999999
0.036748193,0.012025762,0,0.062400002,0.050000001,0.062400002,0.0049999999
0.037087806,0.012073637,0,0.0625,0.050000001,0.0625,0.0049999999
0.037427433,0.012121514,0,0.062600002,0.050000001,0.062600002,0.0049999999
0.037767056,0.012169391,0,0.062700003,0.050000001,0.062700003,0.0049999999
0.038106654,0.012217264,0,0.062799998,0.050000001,0.062799998,0.0049999999
0.038446281,0.01226514,0,0.062899999,0.050000001,0.062899999,0.0049999999
0.038785905,0.012313018,0,0.063000001,0.050000001,0.063000001,0.0049999999
0.039125528,0.012360894,0,0.063100003,0.050000001,0.063100003,0.0049999999
0.039465155,0.012408771,0,0.063200004,0.050000001,0.063200004,0.0049999999
0.039804753,0.012456643,0,0.063299999,0.050000001,0.063299999,0.0049999999
0.04014438,0.01250452,0,0.0634,0.050000001,0.0634,0.0049999999
0.040484004,0.012552397,0,0.063500002,0.050000001,0.063500002,0.0049999999
0.040823627,0.012600274,0,0.063600004,0.050000001,0.063600004,0.0049999999
0.041163228,0.012648147,0,0.063699998,0.050000001,0.063699998,0.0049999999
0.041502852,0.012696023,0,0.0638,0.050000001,0.0638,0.0049999999
0.041842479,0.012743901,0,0.063900001,0.050000001,0.063900001,0.0049999999
0.042182103,0.012791777,0,0.064000003,0.050000001,0.064000003,0.0049999999
0.042521704,0.01283965,0,0.064099997,0.050000001,0.064099997,0.0049999999
0.042861328,0.012887526,0,0.064199999,0.050000001,0.064199999,0.0049999999
0.043200951,0.012935403,0,0.064300001,0.050000001,0.064300001,0.0049999999
0.043540578,0.01298328,0,0.064400002,0.050000001,0.064400002,0.0049999999
0.043880202,0.013031157,0,0.064500004,0.050000001,0.064500004,0.0049999999
0.044219799,0.01307903,0,0.064599998,0.050000001,0.064599998,0.0049999999
0.044559427,0.013126906,0,0.0647,0.050000001,0.0647,0.0049999999
0.04489905,0.013174783,0,0.064800002,0.050000001,0.064800002,0.0049999999
0.045238674,0.01322266,0,0.064900003,0.050000001,0.064900003,0.0049999999
0.045578275,0.013270533,0,0.064999998,0.050000001,0.064999998,0.0049999999
0.04593613,0.013319015,0,0.065099999,0.050000001,0.065099999,0.0049999999
0.046293985,0.013367497,0,0.065200001,0.050000001,0.065200001,0.0049999999
0.04665184,0.013415979,0,0.065300003,0.050000001,0.065300003,0.0049999999
0.047009695,0.013464461,0,0.065400004,0.050000001,0.065400004,0.0049999999
0.047367524,0.01351294,0,0.065499999,0.050000001,0.065499999,0.0049999999
0.047725379,0.013561422,0,0.0656,0.050000001,0.0656,0.0049999999
0.048083235,0.013609904,0,0.065700002,0.050000001,0.065700002,0.0049999999
0.048441086,0.013658386,0,0.065800004,0.050000001,0.065800004,0.0049999999
0.048798915,0.013706865,0,0.065899998,0.050000001,0.065899998,0.0049999999
0.04915677,0.013755347,0,0.066,0.050000001,0.066,0.0049999999
0.049514625,0.013803829,0,0.066100001,0.050000001,0.066100001,0.0049999999
0.04987248,0.013852311,0,0.066200003,0.050000001,0.066200003,0.0049999999
0.050230309,0.013900789,0,0.066299997,0.050000001,0.066299997,0.0049999999
0.050588164,0.013949271,0,0.066399999,0.050000001,0.066399999,0.0049999999
0.05094602,0.013997754,0,0.066500001,0.050000001,0.066500001,0.0049999999
0.051303875,0.014046236,0,0.066600002,0.050000001,0.066600002,0.0049999999
0.05166173,0.014094718,0,0.066700004,0.050000001,0.066700004,0.0049999999
0.052019559,0.014143197,0,0.066799998,0.050000001,0.066799998,0.0049999999
0.052377414,0.014191679,0,0.0669,0.050000001,0.0669,0.0049999999
0.052735265,0.014240161,0,0.067000002,0.050000001,0.067000002,0.0049999999
0.05309312,0.014288643,0,0.067100003,0.050000001,0.067100003,0.0049999999
0.053450949,0.014337122,0,0.067199998,0.050000001,0.067199998,0.0049999999
0.053808805,0.014385603,0,0.067299999,0.050000001,0.067299999,0.0049999999
0.05416666,0.014434086,0,0.067400001,0.050000001,0.067400001,0.0049999999
0.054524515,0.014482568,0,0.067500003,0.050000001,0.067500003,0.0049999999
0.05488237,0.01453105,0,0.067600004,0.050000001,0.067600004,0.0049999999
0.055240199,0.014579529,0,0.067699999,0.050000001,0.067699999,0.0049999999
0.055598054,0.014628011,0,0.0678,0.050000001,0.0678,0.0049999999
0.055955909,0.014676493,0,0.067900002,0.050000001,0.067900002,0.0049999999
0.056313764,0.014724975,0,0.068000004,0.050000001,0.068000004,0.0049999999
0.05667159,0.014773454,0,0.068099998,0.050000001,0.068099998,0.0049999999
0.057029445,0.014821935,0,0.0682,0.050000001,0.0682,0.0049999999
0.0573873,0.014870418,0,0.068300001,0.050000001,0.068300001,0.0049999999
0.057745155,0.0149189,0,0.068400003,0.050000001,0.068400003,0.0049999999
0.05810301,0.014967382,0,0.068500005,0.050000001,0.068500005,0.0049999999
0.058460839,0.015015861,0,0.068599999,0.050000001,0.068599999,0.0049999999
0.058818694,0.015064343,0,0.068700001,0.050000001,0.068700001,0.0049999999
0.059176549,0.015112825,0,0.068800002,0.050000001,0.068800002,0.0049999999
0.059534404,0.015161307,0,0.068900004,0.050000001,0.068900004,0.0049999999
0.059892233,0.015209786,0,0.068999998,0.050000001,0.068999998,0.0049999999
0.060250089,0.015258268,0,0.0691,0.050000001,0.0691,0.0049999999
0.060607944,0.015306749,0,0.069200002,0.050000001,0.069200002,0.0049999999
0.060965799,0.015355232,0,0.069300003,0.050000001,0.069300003,0.0049999999
0.061323624,0.01540371,0,0.069399998,0.050000001,0.069399998,0.0049999999
0.061681479,0.015452192,0,0.069499999,0.050000001,0.069499999,0.0049999999
0.062039334,0.015500675,0,0.069600001,0.050000001,0.069600001,0.0049999999
0.062397189,0.015549157,0,0.069700003,0.050000001,0.069700003,0.0049999999
0.062755048,0.015597639,0,0.069800004,0.050000001,0.069800004,0.0049999999
0.063112877,0.015646117,0,0.069899999,0.050000001,0.069899999,0.0049999999
0.063470729,0.0156946,0,0.07,0.050000001,0.07,0.0049999999
0.063890338,0.015724793,0,0.070100002,0.050000001,0.070100002,0.0049999999
0.064309955,0.015754988,0,0.070200004,0.050000001,0.070200004,0.0049999999
0.064729534,0.01578518,0,0.070299998,0.050000001,0.070299998,0.0049999999
0.065149143,0.015815374,0,0.0704,0.050000001,0.0704,0.0049999999
0.06556876,0.015845567,0,0.070500001,0.050000001,0.070500001,0.0049999999
0.065988369,0.015875762,0,0.070600003,0.050000001,0.070600003,0.0049999999
0.066407986,0.015905956,0,0.070700005,0.050000001,0.070700005,0.0049999999
0.066827565,0.015936147,0,0.070799999,0.050000001,0.070799999,0.0049999999
0.067247175,0.015966341,0,0.070900001,0.050000001,0.070900001,0.0049999999
0.067666791,0.015996534,0,0.071000002,0.050000001,0.071000002,0.0049999999
0.068086401,0.01602673,0,0.071100004,0.050000001,0.071100004,0.0049999999
0.06850598,0.016056921,0,0.071199998,0.050000001,0.071199998,0.0049999999
0.068925597,0.016087115,0,0.0713,0.050000001,0.0713,0.0049999999
0.069345206,0.016117308,0,0.071400002,0.050000001,0.071400002,0.0049999999
0.069764815,0.016147504,0,0.071500003,0.050000001,0.071500003,0.0049999999
0.070184402,0.016177695,0,0.071599998,0.050000001,0.071599998,0.0049999999
0.070604011,0.016207889,0,0.071699999,0.050000001,0.071699999,0.0049999999
0.071023621,0.016238082,0,0.071800001,0.050000001,0.071800001,0.0049999999
0.071443237,0.016268278,0,0.071900003,0.050000001,0.071900003,0.0049999999
0.071862847,0.016298471,0,0.072000004,0.050000001,0.072000004,0.0049999999
0.072282426,0.016328663,0,0.072099999,0.050000001,0.072099999,0.0049999999
0.072702043,0.016358856,0,0.0722,0.050000001,0.0722,0.0049999999
0.073121652,0.016389051,0,0.072300002,0.050000001,0.072300002,0.0049999999
0.073541269,0.016419245,0,0.072400004,0.050000001,0.072400004,0.0049999999
0.073960848,0.016449437,0,0.072499998,0.050000001,0.072499998,0.0049999999
0.074380457,0.01647963,0,0.0726,0.050000001,0.0726,0.0049999999
0.074800074,0.016509824,0,0.072700001,0.050000001,0.072700001,0.0049999999
0.075219683,0.016540019,0,0.072800003,0.050000001,0.072800003,0.0049999999
0.0756393,0.016570212,0,0.072900005,0.050000001,0.072900005,0.0049999999
0.076058879,0.016600404,0,0.072999999,0.050000001,0.072999999,0.0049999999
0.076478489,0.016630597,0,0.073100001,0.050000001,0.073100001,0.0049999999
0.076898105,0.016660793,0,0.073200002,0.050000001,0.073200002,0.0049999999
0.077317715,0.016690986,0,0.073300004,0.050000001,0.073300004,0.0049999999
0.077737294,0.016721178,0,0.073399998,0.050000001,0.073399998,0.0049999999
0.078156911,0.016751371,0,0.0735,0.050000001,0.0735,0.0049999999
0.07857652,0.016781567,0,0.073600002,0.050000001,0.073600002,0.0049999999
0.078996129,0.01681176,0,0.073700003,0.050000001,0.073700003,0.0049999999
0.079415716,0.016841952,0,0.073799998,0.050000001,0.073799998,0.0049999999
0.079835325,0.016872145,0,0.073899999,0.050000001,0.073899999,0.0049999999
0.080254935,0.016902341,0,0.074000001,0.050000001,0.074000001,0.0049999999
0.080674551,0.016932534,0,0.074100003,0.050000001,0.074100003,0.0049999999
0.081094161,0.016962728,0,0.074200004,0.050000001,0.074200004,0.0049999999
0.08151374,0.016992919,0,0.074299999,0.050000001,0.074299999,0.0049999999
0.081933357,0.017023113,0,0.0744,0.050000001,0.0744,0.0049999999
0.082352966,0.017053308,0,0.074500002,0.050000001,0.074500002,0.0049999999
0.082772583,0.017083501,0,0.074600004,0.050000001,0.074600004,0.0049999999
0.083192162,0.017113693,0,0.074699998,0.050000001,0.074699998,0.0049999999
0.083611771,0.017143887,0,0.0748,0.050000001,0.0748,0.0049999999
0.084031388,0.017174082,0,0.074900001,0.050000001,0.074900001,0.0049999999
0.084450997,0.017204275,0,0.075000003,0.050000001,0.075000003,0.0049999999
0.085022181,0.017256521,0,0.075100005,0.050000001,0.075100005,0.0049999999
0.08559332,0.01730876,0,0.075199999,0.050000001,0.075199999,0.0049999999
0.086164497,0.017361004,0,0.075300001,0.050000001,0.075300001,0.0049999999
0.086735681,0.017413249,0,0.075400002,0.050000001,0.075400002,0.0049999999
0.087306865,0.017465495,0,0.075500004,0.050000001,0.075500004,0.0049999999
0.087878004,0.017517734,0,0.075599998,0.050000001,0.075599998,0.0049999999
0.088449188,0.017569978,0,0.0757,0.050000001,0.0757,0.0049999999
0.089020364,0.017622223,0,0.075800002,0.050000001,0.075800002,0.0049999999
0.089591548,0.017674468,0,0.075900003,0.050000001,0.075900003,0.0049999999
0.090162687,0.017726708,0,0.075999998,0.050000001,0.075999998,0.0049999999
0.090733871,0.017778952,0,0.076099999,0.050000001,0.076099999,0.0049999999
0.091305047,0.017831197,0,0.076200001,0.050000001,0.076200001,0.0049999999
0.091876231,0.017883442,0,0.076300003,0.050000001,0.076300003,0.0049999999
0.092447415,0.017935686,0,0.076400004,0.050000001,0.076400004,0.0049999999
0.093018554,0.017987926,0,0.076499999,0.050000001,0.076499999,0.0049999999
0.093589738,0.018040171,0,0.0766,0.050000001,0.0766,0.0049999999
0.094160914,0.018092416,0,0.076700002,0.050000001,0.076700002,0.0049999999
0.094732098,0.01814466,0,0.076800004,0.050000001,0.076800004,0.0049999999
0.095303237,0.018196899,0,0.076899998,0.050000001,0.076899998,0.0049999999
0.095874421,0.018249145,0,0.077,0.050000001,0.077,0.0049999999
0.096445598,0.01830139,0,0.077100001,0.050000001,0.077100001,0.0049999999
0.097016782,0.018353634,0,0.077200003,0.050000001,0.077200003,0.0049999999
0.097587965,0.018405879,0,0.077300005,0.050000001,0.077300005,0.0049999999
0.098159105,0.018458119,0,0.077399999,0.050000001,0.077399999,0.0049999999
0.098730281,0.018510364,0,0.077500001,0.050000001,0.077500001,0.0049999999
0.099301465,0.018562607,0,0.077600002,0.050000001,0.077600002,0.0049999999
0.099872649,0.018614853,0,0.077700004,0.050000001,0.077700004,0.0049999999
0.10044379,0.018667093,0,0.077799998,0.050000001,0.077799998,0.0049999999
0.10101497,0.018719336,0,0.0779,0.050000001,0.0779,0.0049999999
0.10158615,0.018771581,0,0.078000002,0.050000001,0.078000002,0.0049999999
0.10215733,0.018823827,0,0.078100003,0.050000001,0.078100003,0.0049999999
0.10272847,0.018876066,0,0.078199998,0.050000001,0.078199998,0.0049999999
0.10329966,0.01892831,0,0.078299999,0.050000001,0.078299999,0.0049999999
0.10387083,0.018980555,0,0.078400001,0.050000001,0.078400001,0.0049999999
0.10444202,0.019032801,0,0.078500003,0.050000001,0.078500003,0.0049999999
0.1050132,0.019085044,0,0.078600004,0.050000001,0.078600004,0.0049999999
0.10558434,0.019137284,0,0.078699999,0.050000001,0.078699999,0.0049999999
0.10615552,0.019189529,0,0.0788,0.050000001,0.0788,0.0049999999
0.1067267,0.019241774,0,0.078900002,0.050000001,0.078900002,0.0049999999
0.10729788,0.019294018,0,0.079000004,0.050000001,0.079000004,0.0049999999
0.10786902,0.019346258,0,0.079099998,0.050000001,0.079099998,0.0049999999
0.10844021,0.019398503,0,0.0792,0.050000001,0.0792,0.0049999999
0.10901138,0.019450748,0,0.079300001,0.050000001,0.079300001,0.0049999999
0.10958257,0.019502992,0,0.079400003,0.050000001,0.079400003,0.0049999999
0.11015375,0.019555237,0,0.079500005,0.050000001,0.079500005,0.0049999999
0.11072489,0.019607477,0,0.079599999,0.050000001,0.079599999,0.0049999999
0.11129607,0.019659722,0,0.079700001,0.050000001,0.079700001,0.0049999999
0.11186725,0.019711966,0,0.079800002,0.050000001,0.079800002,0.0049999999
0.11243843,0.019764211,0,0.079900004,0.050000001,0.079900004,0.0049999999
0.11300957,0.019816451,0,0.079999998,0.050000001,0.079999998,0.0049999999
0.11363315,0.019856323,0,0.0801,0.050000001,0.0801,0.0049999999
0.11425673,0.019896192,0,0.080200002,0.050000001,0.080200002,0.0049999999
0.11488031,0.019936064,0,0.080300003,0.050000001,0.080300003,0.0049999999
0.11550384,0.019975932,0,0.080399998,0.050000001,0.080399998,0.0049999999
0.11612742,0.020015804,0,0.080499999,0.050000001,0.080499999,0.0049999999
0.116751,0.020055674,0,0.080600001,0.050000001,0.080600001,0.0049999999
0.11737458,0.020095546,0,0.080700003,0.050000001,0.080700003,0.0049999999
0.11799815,0.020135418,0,0.080800004,0.050000001,0.080800004,0.0049999999
0.11862169,0.020175286,0,0.080899999,0.050000001,0.080899999,0.0049999999
0.11924527,0.020215156,0,0.081,0.050000001,0.081,0.0049999999
0.11986884,0.020255027,0,0.081100002,0.050000001,0.081100002,0.0049999999
0.12049243,0.020294899,0,0.081200004,0.050000001,0.081200004,0.0049999999
0.12111596,0.020334767,0,0.081299998,0.050000001,0.081299998,0.0049999999
0.12173954,0.020374637,0,0.0814,0.050000001,0.0814,0.0049999999
0.12236311,0.020414509,0,0.081500001,0.050000001,0.081500001,0.0049999999
0.1229867,0.020454381,0,0.081600003,0.050000001,0.081600003,0.0049999999
0.12361027,0.020494251,0,0.081700005,0.050000001,0.081700005,0.0049999999
0.1242338,0.020534119,0,0.081799999,0.050000001,0.081799999,0.0049999999
0.12485738,0.02057399,0,0.081900001,0.050000001,0.081900001,0.0049999999
0.12548096,0.020613862,0,0.082000002,0.050000001,0.082000002,0.0049999999
0.12610455,0.020653732,0,0.082100004,0.050000001,0.082100004,0.0049999999
0.12672807,0.0206936,0,0.082199998,0.050000001,0.082199998,0.0049999999
0.12735166,0.020733472,0,0.0823,0.050000001,0.0823,0.0049999999
0.12797523,0.020773344,0,0.082400002,0.050000001,0.082400002,0.0049999999
0.12859881,0.020813214,0,0.082500003,0.050000001,0.082500003,0.0049999999
0.12922235,0.020853082,0,0.082599998,0.050000001,0.082599998,0.0049999999
0.12984592,0.020892954,0,0.082699999,0.050000001,0.082699999,0.0049999999
0.1304695,0.020932825,0,0.082800001,0.050000001,0.082800001,0.0049999999
0.13109308,0.020972695,0,0.082900003,0.050000001,0.082900003,0.0049999999
0.13171665,0.021012567,0,0.083000004,0.050000001,0.083000004,0.0049999999
0.13234019,0.021052435,0,0.083099999,0.050000001,0.083099999,0.0049999999
0.13296376,0.021092307,0,0.0832,0.050000001,0.0832,0.0049999999
0.13358735,0.021132177,0,0.083300002,0.050000001,0.083300002,0.0049999999
0.13421093,0.021172049,0,0.083400004,0.050000001,0.083400004,0.0049999999
0.13483445,0.021211917,0,0.083499998,0.050000001,0.083499998,0.0049999999
0.13545804,0.021251788,0,0.0836,0.050000001,0.0836,0.0049999999
0.13608162,0.021291658,0,0.083700001,0.050000001,0.083700001,0.0049999999
0.13670519,0.02133153,0,0.083800003,0.050000001,0.083800003,0.0049999999
0.13732877,0.021371402,0,0.083900005,0.050000001,0.083900005,0.0049999999
0.13795231,0.02141127,0,0.083999999,0.050000001,0.083999999,0.0049999999
0.13857588,0.02145114,0,0.084100001,0.050000001,0.084100001,0.0049999999
0.13919947,0.021491012,0,0.084200002,0.050000001,0.084200002,0.0049999999
0.13982305,0.021530883,0,0.084300004,0.050000001,0.084300004,0.0049999999
0.14044657,0.021570751,0,0.084399998,0.050000001,0.084399998,0.0049999999
0.14107016,0.021610621,0,0.0845,0.050000001,0.0845,0.0049999999
0.14169373,0.021650493,0,0.084600002,0.050000001,0.084600002,0.0049999999
0.14231731,0.021690365,0,0.084700003,0.050000001,0.084700003,0.0049999999
0.14294089,0.021730235,0,0.084800005,0.050000001,0.084800005,0.0049999999
0.14356442,0.021770103,0,0.084899999,0.050000001,0.084899999,0.0049999999
0.144188,0.021809975,0,0.085000001,0.050000001,0.085000001,0.0049999999
0.14456446,0.021764945,0,0.085100003,0.050000001,0.085100003,0.0049999999
0.14494093,0.021719914,0,0.085200004,0.050000001,0.085200004,0.0049999999
0.14531736,0.021674888,0,0.085299999,0.050000001,0.085299999,0.0049999999
0.14569382,0.021629857,0,0.0854,0.050000001,0.0854,0.0049999999
0.14607027,0.021584827,0,0.085500002,0.050000001,0.085500002,0.0049999999
0.14644673,0.021539796,0,0.085600004,0.050000001,0.085600004,0.0049999999
0.14682317,0.02149477,0,0.085699998,0.050000001,0.085699998,0.0049999999
0.14719963,0.021449739,0,0.0858,0.050000001,0.0858,0.0049999999
0.14757609,0.02140471,0,0.085900001,0.050000001,0.085900001,0.0049999999
0.14795256,0.021359678,0,0.086000003,0.050000001,0.086000003,0.0049999999
0.14832902,0.021314649,0,0.086100005,0.050000001,0.086100005,0.0049999999
0.14870545,0.021269621,0,0.086199999,0.050000001,0.086199999,0.0049999999
0.14908192,0.021224592,0,0.086300001,0.050000001,0.086300001,0.0049999999
0.14945838,0.021179562,0,0.086400002,0.050000001,0.086400002,0.0049999999
0.14983483,0.021134531,0,0.086500004,0.050000001,0.086500004,0.0049999999
0.15021126,0.021089505,0,0.086599998,0.050000001,0.086599998,0.0049999999
0.15058772,0.021044474,0,0.0867,0.050000001,0.0867,0.0049999999
0.15096419,0.020999445,0,0.086800002,0.050000001,0.086800002,0.0049999999
0.15134065,0.020954413,0,0.086900003,0.050000001,0.086900003,0.0049999999
0.15171711,0.020909384,0,0.087000005,0.050000001,0.087000005,0.0049999999
0.15209354,0.020864356,0,0.087099999,0.050000001,0.087099999,0.0049999999
0.15247001,0.020819327,0,0.087200001,0.050000001,0.087200001,0.0049999999
0.15284647,0.020774296,0,0.087300003,0.050000001,0.087300003,0.0049999999
0.15322293,0.020729266,0,0.087400004,0.050000001,0.087400004,0.0049999999
0.15359937,0.020684239,0,0.087499999,0.050000001,0.087499999,0.0049999999
0.15397581,0.020639209,0,0.0876,0.050000001,0.0876,0.0049999999
0.15435228,0.02059418,0,0.087700002,0.050000001,0.087700002,0.0049999999
0.15472874,0.020549148,0,0.087800004,0.050000001,0.087800004,0.0049999999
0.15510517,0.020504123,0,0.087899998,0.050000001,0.087899998,0.0049999999
0.15548164,0.020459091,0,0.088,0.050000001,0.088,0.0049999999
0.1558581,0.020414062,0,0.088100001,0.050000001,0.088100001,0.0049999999
0.15623456,0.020369031,0,0.088200003,0.050000001,0.088200003,0.0049999999
0.15661103,0.020324001,0,0.088300005,0.050000001,0.088300005,0.0049999999
0.15698746,0.020278974,0,0.088399999,0.050000001,0.088399999,0.0049999999
0.15736392,0.020233944,0,0.088500001,0.050000001,0.088500001,0.0049999999
0.15774037,0.020188913,0,0.088600002,0.050000001,0.088600002,0.0049999999
0.15811683,0.020143883,0,0.088700004,0.050000001,0.088700004,0.0049999999
0.15849327,0.020098856,0,0.088799998,0.050000001,0.088799998,0.0049999999
0.15886973,0.020053826,0,0.0889,0.050000001,0.0889,0.0049999999
0.15924619,0.020008797,0,0.089000002,0.050000001,0.089000002,0.0049999999
0.15962265,0.019963766,0,0.089100003,0.050000001,0.089100003,0.0049999999
0.15999912,0.019918736,0,0.089200005,0.050000001,0.089200005,0.0049999999
0.16037555,0.019873708,0,0.089299999,0.050000001,0.089299999,0.0049999999
0.16075201,0.019828679,0,0.089400001,0.050000001,0.089400001,0.0049999999
0.16112848,0.019783648,0,0.089500003,0.050000001,0.089500003,0.0049999999
0.16150492,0.019738618,0,0.089600004,0.050000001,0.089600004,0.0049999999
0.16188136,0.019693591,0,0.089699998,0.050000001,0.089699998,0.0049999999
0.16225782,0.019648561,0,0.0898,0.050000001,0.0898,0.0049999999
0.16263428,0.01960353,0,0.089900002,0.050000001,0.089900002,0.0049999999
0.16301075,0.0195585,0,0.090000004,0.050000001,0.090000004,0.0049999999
0.16374768,0.019449972,0,0.090099998,0.050000001,0.090099998,0.0049999999
0.16448469,0.019341433,0,0.0902,0.050000001,0.0902,0.0049999999
0.16522169,0.019232897,0,0.090300001,0.050000001,0.090300001,0.0049999999
0.16595869,0.019124359,0,0.090400003,0.050000001,0.090400003,0.0049999999
0.16669568,0.019015821,0,0.090500005,0.050000001,0.090500005,0.0049999999
0.16743262,0.018907292,0,0.090599999,0.050000001,0.090599999,0.0049999999
0.16816963,0.018798754,0,0.090700001,0.050000001,0.090700001,0.0049999999
0.16890663,0.018690217,0,0.090800002,0.050000001,0.090800002,0.0049999999
0.16964363,0.018581679,0,0.090900004,0.050000001,0.090900004,0.0049999999
0.17038056,0.01847315,0,0.090999998,0.050000001,0.090999998,0.0049999999
0.17111756,0.018364612,0,0.0911,0.050000001,0.0911,0.0049999999
0.17185456,0.018256076,0,0.091200002,0.050000001,0.091200002,0.0049999999
0.17259157,0.018147537,0,0.091300003,0.050000001,0.091300003,0.0049999999
0.17332856,0.018039001,0,0.091400005,0.050000001,0.091400005,0.0049999999
0.1740655,0.01793047,0,0.091499999,0.050000001,0.091499999,0.0049999999
0.1748025,0.017821934,0,0.091600001,0.050000001,0.091600001,0.0049999999
0.17553949,0.017713396,0,0.091700003,0.050000001,0.091700003,0.0049999999
0.17627649,0.01760486,0,0.091800004,0.050000001,0.091800004,0.0049999999
0.17701344,0.017496329,0,0.091899998,0.050000001,0.091899998,0.0049999999
0.17775044,0.017387792,0,0.092,0.050000001,0.092,0.0049999999
0.17848743,0.017279254,0,0.092100002,0.050000001,0.092100002,0.0049999999
0.17922443,0.017170716,0,0.092200004,0.050000001,0.092200004,0.0049999999
0.17996138,0.017062187,0,0.092299998,0.050000001,0.092299998,0.0049999999
0.18069838,0.016953651,0,0.092399999,0.050000001,0.092399999,0.0049999999
0.18143538,0.016845113,0,0.092500001,0.050000001,0.092500001,0.0049999999
0.18217237,0.016736574,0,0.092600003,0.050000001,0.092600003,0.0049999999
0.18290937,0.016628038,0,0.092700005,0.050000001,0.092700005,0.0049999999
0.18364632,0.016519509,0,0.092799999,0.050000001,0.092799999,0.0049999999
0.18438332,0.016410971,0,0.092900001,0.050000001,0.092900001,0.0049999999
0.18512031,0.016302433,0,0.093000002,0.050000001,0.093000002,0.0049999999
0.18585731,0.016193897,0,0.093100004,0.050000001,0.093100004,0.0049999999
0.18659426,0.016085366,0,0.093199998,0.050000001,0.093199998,0.0049999999
0.18733126,0.015976829,0,0.0933,0.050000001,0.0933,0.0049999999
0.18806826,0.015868291,0,0.093400002,0.050000001,0.093400002,0.0049999999
0.18880525,0.015759755,0,0.093500003,0.050000001,0.093500003,0.0049999999
0.18954225,0.015651217,0,0.093600005,0.050000001,0.093600005,0.0049999999
0.19027919,0.015542688,0,0.093699999,0.050000001,0.093699999,0.0049999999
0.1910162,0.01543415,0,0.093800001,0.050000001,0.093800001,0.0049999999
0.19175319,0.015325612,0,0.093900003,0.050000001,0.093900003,0.0049999999
0.19249019,0.015217075,0,0.094000004,0.050000001,0.094000004,0.0049999999
0.19322713,0.015108545,0,0.094099998,0.050000001,0.094099998,0.0049999999
0.19396412,0.015000008,0,0.0942,0.050000001,0.0942,0.0049999999
0.19470112,0.014891471,0,0.094300002,0.050000001,0.094300002,0.0049999999
0.19543813,0.014782934,0,0.094400004,0.050000001,0.094400004,0.0049999999
0.19617507,0.014674404,0,0.094499998,0.050000001,0.094499998,0.0049999999
0.19691207,0.014565866,0,0.094599999,0.050000001,0.094599999,0.0049999999
0.19764906,0.014457329,0,0.094700001,0.050000001,0.094700001,0.0049999999
0.19838606,0.014348792,0,0.094800003,0.050000001,0.094800003,0.0049999999
0.19912307,0.014240255,0,0.094900005,0.050000001,0.094900005,0.0049999999
0.19986001,0.014131725,0,0.094999999,0.050000001,0.094999999,0.0049999999
0.21586306,0.013849086,0,0.095100001,0.050000001,0.095100001,0.0049999999
0.23186614,0.013566446,0,0.095200002,0.050000001,0.095200002,0.0049999999
0.24786919,0.013283808,0,0.095300004,0.050000001,0.095300004,0.0049999999
0.26387107,0.01300119,0,0.095399998,0.050000001,0.095399998,0.0049999999
0.27987412,0.01271855,0,0.0955,0.050000001,0.0955,0.0049999999
0.29587719,0.012435911,0,0.095600002,0.050000001,0.095600002,0.0049999999
0.31188026,0.012153272,0,0.095700003,0.050000001,0.095700003,0.0049999999
0.3278833,0.011870633,0,0.095800005,0.050000001,0.095800005,0.0049999999
0.34388518,0.011588015,0,0.095899999,0.050000001,0.095899999,0.0049999999
0.35988826,0.011305376,0,0.096000001,0.050000001,0.096000001,0.0049999999
0.3758913,0.011022736,0,0.096100003,0.050000001,0.096100003,0.0049999999
0.39189437,0.010740098,0,0.096200004,0.050000001,0.096200004,0.0049999999
0.40789625,0.010457479,0,0.096299998,0.050000001,0.096299998,0.0049999999
0.42389929,0.01017484,0,0.0964,0.050000001,0.0964,0.0049999999
0.43990237,0.0098922011,0,0.096500002,0.050000001,0.096500002,0.0049999999
0.45590544,0.0096095623,0,0.096600004,0.050000001,0.096600004,0.0049999999
0.47190729,0.0093269441,0,0.096699998,0.050000001,0.096699998,0.0049999999
0.48791036,0.0090443045,0,0.096799999,0.050000001,0.096799999,0.0049999999
0.5039134,0.0087616658,0,0.096900001,0.050000001,0.096900001,0.0049999999
0.51991647,0.0084790261,0,0.097000003,0.050000001,0.097000003,0.0049999999
0.53591955,0.0081963874,0,0.097100005,0.050000001,0.097100005,0.0049999999
0.55192143,0.0079137692,0,0.097199999,0.050000001,0.097199999,0.0049999999
0.5679245,0.0076311301,0,0.0973,0.050000001,0.0973,0.0049999999
0.58392751,0.0073484909,0,0.097400002,0.050000001,0.097400002,0.0049999999
0.59993058,0.0070658517,0,0.097500004,0.050000001,0.097500004,0.0049999999
0.61593246,0.006783234,0,0.097599998,0.050000001,0.097599998,0.0049999999
0.63193554,0.0065005948,0,0.0977,0.050000001,0.0977,0.0049999999
0.64793861,0.0062179556,0,0.097800002,0.050000001,0.097800002,0.0049999999
0.66394168,0.0059353164,0,0.097900003,0.050000001,0.097900003,0.0049999999
0.67994469,0.0056526773,0,0.098000005,0.050000001,0.098000005,0.0049999999
0.69594657,0.0053700591,0,0.098099999,0.050000001,0.098099999,0.0049999999
0.71194965,0.0050874199,0,0.098200001,0.050000001,0.098200001,0.0049999999
0.72795272,0.0048047812,0,0.098300003,0.050000001,0.098300003,0.0049999999
0.74395579,0.004522142,0,0.098400004,0.050000001,0.098400004,0.0049999999
0.75995767,0.0042395238,0,0.098499998,0.050000001,0.098499998,0.0049999999
0.77596068,0.0039568846,0,0.0986,0.050000001,0.0986,0.0049999999
0.79196376,0.0036742454,0,0.098700002,0.050000001,0.098700002,0.0049999999
0.80796683,0.0033916063,0,0.098800004,0.050000001,0.098800004,0.0049999999
0.82396871,0.0031089883,0,0.098899998,0.050000001,0.098899998,0.0049999999
0.83997178,0.0028263491,0,0.098999999,0.050000001,0.098999999,0.0049999999
0.85597485,0.0025437099,0,0.099100001,0.050000001,0.099100001,0.0049999999
0.87197787,0.002261071,0,0.099200003,0.050000001,0.099200003,0.0049999999
0.88798094,0.0019784318,0,0.099300005,0.050000001,0.099300005,0.0049999999
0.90398282,0.0016958137,0,0.099399999,0.050000001,0.099399999,0.0049999999
0.91998589,0.0014131746,0,0.0995,0.050000001,0.0995,0.0049999999
0.93598896,0.0011305355,0,0.099600002,0.050000001,0.099600002,0.0049999999
0.95199203,0.00084789633,0,0.099700004,0.050000001,0.099700004,0.0049999999
0.96799386,0.00056527829,0,0.099799998,0.050000001,0.099799998,0.0049999999
0.98399693,0.00028263914,0,0.0999,0.050000001,0.0999,0.0049999999
1,0,0,0.1,0.050000001,0.1,0.0049999999
